Workbook
Name Month: Sheet3!$A$1:$A$12

Sheet Attendance Sheet
A1: MONTH | B1: January | E1: =DATEVALUE("1"&B1&"2026") -> 46023 | J1: =EOMONTH(E1,0) -> 46053 | N1: DAY | O1: =DAY(J1) -> 31 | Q1: =IF(O1=31,31,IF(O1=30,30,IF(O1=29,29,IF(O1=28,28,"")))) -> 31 | S1: =Q1 -> 31
A3: Employ Code | B3: Employ Name | C3: Designation | D3: Date | E3: =E1 -> 46023 | F3: =IF(E3<$J$1,E3+1,"") -> 46024 | G3: =IF(F3<$J$1,F3+1,"") -> 46025 | H3: =IF(G3<$J$1,G3+1,"") -> 46026 | I3: =IF(H3<$J$1,H3+1,"") -> 46027 | J3: =IF(I3<$J$1,I3+1,"") -> 46028 | K3: =IF(J3<$J$1,J3+1,"") -> 46029 | L3: =IF(K3<$J$1,K3+1,"") -> 46030 | M3: =IF(L3<$J$1,L3+1,"") -> 46031 | ... AI3: =IF(AH3<$J$1,AH3+1,"") -> 46053 | AJ3: Absent | AK3: Half Day | AL3: Present | AN3: Emp Code | AO3: Today's Over | AP3: Total Over
D4: Day | E4: =TEXT(E3,"ddd") -> Thu | F4: =TEXT(F3,"ddd") -> Fri | G4: =TEXT(G3,"ddd") -> Sat | H4: =TEXT(H3,"ddd") -> Sun | I4: =TEXT(I3,"ddd") -> Mon | J4: =TEXT(J3,"ddd") -> Tue | K4: =TEXT(K3,"ddd") -> Wed | L4: =TEXT(L3,"ddd") -> Thu | ... AI4: =TEXT(AI3,"ddd") -> Sat | AN4: 1 | AP4: 2
A5: 1 | B5: Monika Nagar | C5: Accountant | AJ5: =COUNTIF(E5:AI5,"A") -> 0 | AK5: =COUNTIF(F5:AJ5,"H") -> 0 | AL5: =$Q$1-AJ5-AK5/2 -> 31 | AN5: 2 | AP5: 7
A6: 2 | B6: Asish arSen | C6: Clark | AJ6: =COUNTIF(E6:AI6,"A") -> 0 | AK6: =COUNTIF(F6:AJ6,"H") -> 0 | AL6: =$Q$1-AJ6-AK6/2 -> 31 | AN6: 3
A7: 3 | B7: Poonam Pandey | C7: manager | AJ7: =COUNTIF(E7:AI7,"A") -> 0 | AK7: =COUNTIF(F7:AJ7,"H") -> 0 | AL7: =$Q$1-AJ7-AK7/2 -> 31 | AN7: 4 | AP7: 1
A8: 4 | B8: Asish Thakur | C8: Technicien | AJ8: =COUNTIF(E8:AI8,"A") -> 0 | AK8: =COUNTIF(F8:AJ8,"H") -> 0 | AL8: =$Q$1-AJ8-AK8/2 -> 31 | AN8: 5
A9: 5 | B9: Ashok Nak | C9: supervisor | AJ9: =COUNTIF(E9:AI9,"A") -> 0 | AK9: =COUNTIF(F9:AJ9,"H") -> 0 | AL9: =$Q$1-AJ9-AK9/2 -> 31 | AN9: 6 | AP9: 4
A10: 6 | B10: Namkia Singh | C10: HR Executive | AJ10: =COUNTIF(E10:AI10,"A") -> 0 | AK10: =COUNTIF(F10:AJ10,"H") -> 0 | AL10: =$Q$1-AJ10-AK10/2 -> 31 | AN10: 7
A11: 7 | B11: Keshav Patel | C11: Office Assistant | AJ11: =COUNTIF(E11:AI11,"A") -> 0 | AK11: =COUNTIF(F11:AJ11,"H") -> 0 | AL11: =$Q$1-AJ11-AK11/2 -> 31 | AN11: 8
A12: 8 | B12: priya Soni | C12: Receptionist | AJ12: =COUNTIF(E12:AI12,"A") -> 0 | AK12: =COUNTIF(F12:AJ12,"H") -> 0 | AL12: =$Q$1-AJ12-AK12/2 -> 31 | AN12: 9 | AP12: 5
A13: 9 | B13: Hearsh Mehta | C13: Data Analyst | AJ13: =COUNTIF(E13:AI13,"A") -> 0 | AK13: =COUNTIF(F13:AJ13,"H") -> 0 | AL13: =$Q$1-AJ13-AK13/2 -> 31 | AN13: 10
A14: 10 | B14: Sneha Gupta | C14: Graphic Designer | AJ14: =COUNTIF(E14:AI14,"A") -> 0 | AK14: =COUNTIF(F14:AJ14,"H") -> 0 | AL14: =$Q$1-AJ14-AK14/2 -> 31 | AN14: 11 | AP14: 1

Sheet Salary Sheet
A1: Employ Code | B1: Employ Name | C1: Father's Name | D1: Gender | E1: Designation | F1: DOJ | G1: Location | H1: Pan Number | I1: Account Number | J1: PF NO. | K1: Basic Pay | L1: Paid Day | M1: Earn Salary | N1: HRA 40% | O1: DA 20% | P1: Convayence | Q1: Over Time | R1: Overtime (Charge 120/Hrs) | S1: Gros Salary | T1: PF 12% | U1: professipnal Tax | V1: Gross Deduction | W1: Net Salary | X1: ='Attendance Sheet'!$S$1 -> 31
A3: 1 | B3: Monika Nagar | C3: Ranjendra Nagar | E3: Accountant | F3: 45301 | H3: ABCD1001A | I3: 1 | J3: 1 | K3: 42000 | L3: ='Attendance Sheet'!AL5 -> 31 | M3: =K3/$X$1*L3 -> 42000 | N3: =K3*40% -> 16800 | O3: =K3*20% -> 8400 | P3: 3000 | Q3: ='Attendance Sheet'!AP4 -> 2 | R3: =120*Q3 -> 240 | S3: =M3+N3+O3+P3+R3 -> 70440 | T3: =K3*12% -> 5040 | U3: =IF(S3<=20000,120,IF(S3<=30000,200,IF(S3<=40000,250,IF(S3<=50000,350,IF(S3>50000,500,""))))) -> 500 | V3: =T3+U3 -> 5540 | W3: =S3-V3 -> 64900
A4: 2 | B4: Asish arSen | C4: Mahash Sen | E4: Clark | F4: 44631 | H4: ABCD1002B | I4: 2 | J4: 2 | K4: 18000 | L4: ='Attendance Sheet'!AL6 -> 31 | M4: =K4/$X$1*L4 -> 18000 | N4: =K4*40% -> 7200 | O4: =K4*20% -> 3600 | Q4: ='Attendance Sheet'!AP5 -> 7 | R4: =120*Q4 -> 840 | S4: =M4+N4+O4+P4+R4 -> 29640 | T4: =K4*12% -> 2160 | U4: =IF(S4<=20000,120,IF(S4<=30000,200,IF(S4<=40000,250,IF(S4<=50000,350,IF(S4>50000,500,""))))) -> 200 | V4: =T4+U4 -> 2360 | W4: =S4-V4 -> 27280
A5: 3 | B5: Poonam Pandey | C5: Ajay Singh | E5: manager | F5: 43961 | H5: ABCD1002C | I5: 3 | J5: 3 | K5: 22000 | L5: ='Attendance Sheet'!AL7 -> 31 | M5: =K5/$X$1*L5 -> 22000 | N5: =K5*40% -> 8800 | O5: =K5*20% -> 4400 | P5: 25000 | Q5: ='Attendance Sheet'!AP6 -> 0 | R5: =120*Q5 -> 0 | S5: =M5+N5+O5+P5+R5 -> 60200 | T5: =K5*12% -> 2640 | U5: =IF(S5<=20000,120,IF(S5<=30000,200,IF(S5<=40000,250,IF(S5<=50000,350,IF(S5>50000,500,""))))) -> 500 | V5: =T5+U5 -> 3140 | W5: =S5-V5 -> 57060
A6: 4 | B6: Asish Thakur | C6: Shubham Thakur | E6: Technicien | F6: 44751 | H6: ABCD1002D | I6: 4 | J6: 4 | K6: 20000 | L6: ='Attendance Sheet'!AL8 -> 31 | M6: =K6/$X$1*L6 -> 20000 | N6: =K6*40% -> 8000 | O6: =K6*20% -> 4000 | Q6: ='Attendance Sheet'!AP7 -> 1 | R6: =120*Q6 -> 120 | S6: =M6+N6+O6+P6+R6 -> 32120 | T6: =K6*12% -> 2400 | U6: =IF(S6<=20000,120,IF(S6<=30000,200,IF(S6<=40000,250,IF(S6<=50000,350,IF(S6>50000,500,""))))) -> 250 | V6: =T6+U6 -> 2650 | W6: =S6-V6 -> 29470
A7: 5 | B7: Ashok Nak | C7: Naresh Nagar | E7: supervisor | F7: 43350 | H7: ABCD1002E | I7: 5 | J7: 5 | K7: 35000 | L7: ='Attendance Sheet'!AL9 -> 31 | M7: =K7/$X$1*L7 -> 35000 | N7: =K7*40% -> 14000 | O7: =K7*20% -> 7000 | Q7: ='Attendance Sheet'!AP8 -> 0 | R7: =120*Q7 -> 0 | S7: =M7+N7+O7+P7+R7 -> 56000 | T7: =K7*12% -> 4200 | U7: =IF(S7<=20000,120,IF(S7<=30000,200,IF(S7<=40000,250,IF(S7<=50000,350,IF(S7>50000,500,""))))) -> 500 | V7: =T7+U7 -> 4700 | W7: =S7-V7 -> 51300
A8: 6 | B8: Namkia Singh | C8: Vikram Pandi | E8: HR Executive | F8: 44871 | H8: ABCD1002F | I8: 6 | J8: 6 | K8: 22500 | L8: ='Attendance Sheet'!AL10 -> 31 | M8: =K8/$X$1*L8 -> 22500 | N8: =K8*40% -> 9000 | O8: =K8*20% -> 4500 | P8: 1200 | Q8: ='Attendance Sheet'!AP9 -> 4 | R8: =120*Q8 -> 480 | S8: =M8+N8+O8+P8+R8 -> 37680 | T8: =K8*12% -> 2700 | U8: =IF(S8<=20000,120,IF(S8<=30000,200,IF(S8<=40000,250,IF(S8<=50000,350,IF(S8>50000,500,""))))) -> 250 | V8: =T8+U8 -> 2950 | W8: =S8-V8 -> 34730
A9: 7 | B9: Keshav Patel | C9: Haris Patel | E9: Office Assistant | F9: 45662 | H9: ABCD1002G | I9: 7 | J9: 7 | K9: 25000 | L9: ='Attendance Sheet'!AL11 -> 31 | M9: =K9/$X$1*L9 -> 25000 | N9: =K9*40% -> 10000 | O9: =K9*20% -> 5000 | Q9: ='Attendance Sheet'!AP10 -> 0 | R9: =120*Q9 -> 0 | S9: =M9+N9+O9+P9+R9 -> 40000 | T9: =K9*12% -> 3000 | U9: =IF(S9<=20000,120,IF(S9<=30000,200,IF(S9<=40000,250,IF(S9<=50000,350,IF(S9>50000,500,""))))) -> 250 | V9: =T9+U9 -> 3250 | W9: =S9-V9 -> 36750
A10: 8 | B10: priya Soni | C10: Mukesh Soni | E10: Receptionist | F10: 44991 | H10: ABCD1002H | I10: 8 | J10: 8 | K10: 28000 | L10: ='Attendance Sheet'!AL12 -> 31 | M10: =K10/$X$1*L10 -> 28000 | N10: =K10*40% -> 11200 | O10: =K10*20% -> 5600 | P10: 1500 | Q10: ='Attendance Sheet'!AP11 -> 0 | R10: =120*Q10 -> 0 | S10: =M10+N10+O10+P10+R10 -> 46300 | T10: =K10*12% -> 3360 | U10: =IF(S10<=20000,120,IF(S10<=30000,200,IF(S10<=40000,250,IF(S10<=50000,350,IF(S10>50000,500,""))))) -> 350 | V10: =T10+U10 -> 3710 | W10: =S10-V10 -> 42590
A11: 9 | B11: Hearsh Mehta | C11: Prokash Mehat5a | E11: Data Analyst | F11: 45051 | H11: ABCD1002I | I11: 9 | J11: 9 | K11: 18000 | L11: ='Attendance Sheet'!AL13 -> 31 | M11: =K11/$X$1*L11 -> 18000 | N11: =K11*40% -> 7200 | O11: =K11*20% -> 3600 | Q11: ='Attendance Sheet'!AP12 -> 5 | R11: =120*Q11 -> 600 | S11: =M11+N11+O11+P11+R11 -> 29400 | T11: =K11*12% -> 2160 | U11: =IF(S11<=20000,120,IF(S11<=30000,200,IF(S11<=40000,250,IF(S11<=50000,350,IF(S11>50000,500,""))))) -> 200 | V11: =T11+U11 -> 2360 | W11: =S11-V11 -> 27040
A12: 10 | B12: Sneha Gupta | C12: Vinod Gupta | E12: Graphic Designer | F12: 45477 | H12: ABCD1002J | I12: 10 | J12: 10 | K12: 25000 | L12: ='Attendance Sheet'!AL14 -> 31 | M12: =K12/$X$1*L12 -> 25000 | N12: =K12*40% -> 10000 | O12: =K12*20% -> 5000 | Q12: ='Attendance Sheet'!AP13 -> 0 | R12: =120*Q12 -> 0 | S12: =M12+N12+O12+P12+R12 -> 40000 | T12: =K12*12% -> 3000 | U12: =IF(S12<=20000,120,IF(S12<=30000,200,IF(S12<=40000,250,IF(S12<=50000,350,IF(S12>50000,500,""))))) -> 250 | V12: =T12+U12 -> 3250 | W12: =S12-V12 -> 36750

Sheet Sheet3
A1: January
A2: February
A3: March
A4: April
A5: May
A6: June
A7: July
A8: August
A9: September
A10: October
A11: November
A12: December
